Position	Chi-square Value	P-value	Degree Freedom	Group 1 Residue Diversity	Group 2 Residue Diversity	
14*	7.139	0.007543	1	13 C, 9 S	4 C, 20 S	
15	6.744	0.009404	1	9 L, 14 M	20 L, 5 M	
18	7.48	0.006238	1	15 G, 9 S	5 G, 20 S	
19*	11.522	0.003148	2	15 M, 9 T	4 M, 20 T, 1 V	
20	7.48	0.006238	1	15 A, 9 I	5 A, 20 I	
21*	10.941	0.004208	2	9 C, 15 N	16 C, 4 F, 5 N	
22	8.209	0.004167	1	9 F, 16 L	20 F, 5 L	
23	8.209	0.004167	1	9 F, 16 I	20 F, 5 I	
24	8.209	0.004167	1	16 L, 9 M	5 L, 20 M	
27	8.209	0.004167	1	9 A, 16 G	20 A, 5 G	
28	8.209	0.004167	1	9 I, 16 N	20 I, 5 N	
29	8.209	0.004167	1	16 I, 9 L	5 I, 20 L	
31	8.209	0.004167	1	16 S, 9 T	5 S, 20 T	
32	4.253	0.03918	1	13 I, 12 T	5 I, 20 T	
33	8.209	0.004167	1	9 V, 16 W	20 V, 5 W	
34	8.209	0.004167	1	16 I, 9 T	5 I, 20 T	
35	8.209	0.004167	1	9 L, 16 S	20 L, 5 S	
37	8.209	0.004167	1	9 F, 16 S	20 F, 5 S	
38	8.209	0.004167	1	16 I, 9 K	5 I, 20 K	
40	8.209	0.004167	1	16 L, 9 Y	5 L, 20 Y	
41	8.209	0.004167	1	16 -, 9 E	5 -, 20 E	
42	8.209	0.004167	1	16 -, 9 F	5 -, 20 F	
43	8.209	0.004167	1	16 -, 9 N	5 -, 20 N	
44	8.209	0.004167	1	16 -, 9 S	5 -, 20 S	
45	8.209	0.004167	1	16 G, 9 P	5 G, 20 P	
46	8.209	0.004167	1	16 N, 9 P	5 N, 20 P	
47	8.209	0.004167	1	9 N, 16 Q	20 N, 5 Q	
50	8.778	0.003048	1	16 I, 9 V	5 I, 21 V	
51	8.778	0.003048	1	16 E, 9 M	5 E, 21 M	
52	8.778	0.003048	1	9 L, 16 T	21 L, 5 T	
54	8.778	0.003048	1	9 E, 16 N	21 E, 5 N	
55	7.258	0.007057	1	10 P, 15 Q	21 P, 5 Q	
56	8.778	0.003048	1	16 S, 9 T	5 S, 21 T	
57	8.778	0.003048	1	9 I, 16 V	21 I, 5 V	
59	8.778	0.003048	1	9 E, 16 T	21 E, 5 T	
60	8.778	0.003048	1	9 R, 16 Y	21 R, 5 Y	
61	8.778	0.003048	1	16 E, 9 N	5 E, 21 N	
62	8.778	0.003048	1	9 I, 16 N	21 I, 5 N	
63	8.778	0.003048	1	16 N, 9 T	5 N, 21 T	
64	8.778	0.003048	1	9 E, 16 T	21 E, 5 T	
65	8.778	0.003048	1	9 I, 16 W	21 I, 5 W	
67	8.778	0.003048	1	16 N, 9 Y	5 N, 21 Y	
68*	12.572	0.001862	2	8 L, 1 P, 16 Q	21 L, 5 Q	
70	8.778	0.003048	1	9 N, 16 Y	21 N, 5 Y	
71	8.778	0.003048	1	9 T, 16 V	21 T, 5 V	
72	8.778	0.003048	1	16 N, 9 T	5 N, 21 T	
74	8.778	0.003048	1	9 E, 16 S	21 E, 5 S	
75	8.778	0.003048	1	9 K, 16 N	21 K, 5 N	
76	8.778	0.003048	1	9 E, 16 T	21 E, 5 T	
77	8.778	0.003048	1	16 -, 9 I	5 -, 21 I	
78	8.778	0.003048	1	16 -, 9 C	5 -, 21 C	
79	8.778	0.003048	1	16 -, 9 P	5 -, 21 P	
80	8.778	0.003048	1	16 -, 9 K	5 -, 21 K	
81	8.778	0.003048	1	16 -, 9 P	5 -, 21 P	
82	8.778	0.003048	1	16 -, 9 A	5 -, 21 A	
83	8.778	0.003048	1	16 -, 9 E	5 -, 21 E	
84	8.778	0.003048	1	16 -, 9 Y	5 -, 21 Y	
85	8.778	0.003048	1	16 -, 9 R	5 -, 21 R	
87	8.778	0.003048	1	16 F, 9 W	5 F, 21 W	
88	8.778	0.003048	1	16 A, 9 S	5 A, 21 S	
89	8.778	0.003048	1	16 A, 9 K	5 A, 21 K	
90	8.778	0.003048	1	16 G, 9 P	5 G, 21 P	
92	8.778	0.003048	1	9 -, 16 S	21 -, 5 S	
93	8.778	0.003048	1	9 -, 16 V	21 -, 5 V	
94*	11.338	0.003452	2	9 -, 3 A, 13 V	21 -, 5 V	
95	8.778	0.003048	1	9 -, 16 S	21 -, 5 S	
96	8.778	0.003048	1	9 -, 16 V	21 -, 5 V	
97	8.778	0.003048	1	9 -, 16 K	21 -, 5 K	
98	8.778	0.003048	1	9 -, 16 L	21 -, 5 L	
99	8.778	0.003048	1	9 -, 16 A	21 -, 5 A	
100	8.778	0.003048	1	9 -, 16 G	21 -, 5 G	
101	8.778	0.003048	1	9 -, 16 N	21 -, 5 N	
102	8.778	0.003048	1	9 -, 16 S	21 -, 5 S	
103	8.778	0.003048	1	9 -, 16 S	21 -, 5 S	
104	8.778	0.003048	1	9 -, 16 L	21 -, 5 L	
106*	13.739	0.001039	2	3 D, 6 G, 17 P	14 D, 7 G, 5 P	
107	9.533	0.002019	1	9 I, 17 V	21 I, 5 V	
108	9.533	0.002019	1	17 S, 9 T	5 S, 21 T	
110	9.533	0.002019	1	9 F, 17 W	21 F, 5 W	
112	9.533	0.002019	1	17 I, 9 P	5 I, 21 P	
113	9.533	0.002019	1	9 F, 17 Y	21 F, 5 Y	
121	9.533	0.002019	1	17 I, 9 L	5 I, 21 L	
122	9.533	0.002019	1	17 G, 9 S	5 G, 21 S	
123	9.533	0.002019	1	9 A, 17 S	21 A, 5 S	
124	9.533	0.002019	1	9 G, 17 K	21 G, 5 K	
127	9.533	0.002019	1	9 I, 17 V	21 I, 5 V	
128	9.533	0.002019	1	17 F, 9 W	5 F, 21 W	
130	9.533	0.002019	1	17 I, 9 T	5 I, 21 T	
134	9.533	0.002019	1	17 F, 9 Y	5 F, 21 Y	
135	9.533	0.002019	1	17 I, 9 V	5 I, 21 V	
138	9.533	0.002019	1	9 D, 17 S	21 D, 5 S	
140	9.533	0.002019	1	9 D, 17 L	21 D, 5 L	
141	9.533	0.002019	1	17 E, 9 K	5 E, 21 K	
143	9.533	0.002019	1	17 R, 9 Y	5 R, 21 Y	
144	9.533	0.002019	1	9 Q, 17 T	21 Q, 5 T	
146	9.533	0.002019	1	9 A, 17 F	21 A, 5 F	
148	9.533	0.002019	1	9 G, 17 T	21 G, 5 T	
151	9.533	0.002019	1	17 A, 9 T	5 A, 21 T	
152	9.533	0.002019	1	17 L, 9 T	5 L, 21 T	
155*	15.542	4.217E-4	2	17 D, 7 N, 2 S	5 D, 21 N	
156	9.533	0.002019	1	17 K, 9 V	5 K, 21 V	
160	9.533	0.002019	1	17 G, 9 N	5 G, 21 N	
162	9.533	0.002019	1	17 I, 9 V	5 I, 21 V	
163	9.533	0.002019	1	17 K, 9 R	5 K, 21 R	
166*	12.06	0.002405	2	3 N, 14 S, 9 T	5 S, 21 T	
172	9.533	0.002019	1	9 L, 17 M	21 L, 5 M	
173	9.533	0.002019	1	9 M, 17 S	21 M, 5 S	
174	9.533	0.002019	1	17 C, 9 N	5 C, 21 N	
175	9.533	0.002019	1	9 E, 17 P	21 E, 5 P	
176	9.533	0.002019	1	17 I, 9 L	5 I, 21 L	
178	9.533	0.002019	1	9 -, 17 E	21 -, 5 E	
181	9.533	0.002019	1	9 F, 17 S	21 F, 5 S	
182	9.533	0.002019	1	9 H, 17 P	21 H, 5 P	
183	9.533	0.002019	1	9 L, 17 Y	21 L, 5 Y	
184	9.533	0.002019	1	9 G, 17 N	21 G, 5 N	
185	9.533	0.002019	1	17 S, 9 T	5 S, 21 T	
186	9.533	0.002019	1	9 K, 17 R	21 K, 5 R	
187	9.533	0.002019	1	17 F, 9 Q	5 F, 21 Q	
188	9.533	0.002019	1	17 E, 9 V	5 E, 21 V	
189	9.533	0.002019	1	9 C, 17 S	21 C, 5 S	
190	9.533	0.002019	1	9 I, 17 V	21 I, 5 V	
194	9.533	0.002019	1	17 A, 9 S	5 A, 21 S	
196	9.533	0.002019	1	17 A, 9 S	5 A, 21 S	
201*	11.559	0.00309	2	16 I, 9 K, 1 T	5 I, 21 K	
202	9.533	0.002019	1	9 A, 17 N	21 A, 5 N	
205	9.533	0.002019	1	9 H, 17 T	21 H, 5 T	
206	9.533	0.002019	1	17 I, 9 V	5 I, 21 V	
207	9.533	0.002019	1	9 C, 17 G	21 C, 5 G	
209	9.533	0.002019	1	17 S, 9 T	5 S, 21 T	
211	9.533	0.002019	1	9 D, 17 P	21 D, 5 P	
213	9.533	0.002019	1	9 K, 17 N	21 K, 5 N	
214	9.533	0.002019	1	17 G, 9 N	5 G, 21 N	
216	9.533	0.002019	1	9 T, 17 V	21 T, 5 V	
218	9.533	0.002019	1	9 S, 17 V	21 S, 5 V	
219	9.533	0.002019	1	9 F, 17 L	21 F, 5 L	
220	9.533	0.002019	1	9 I, 17 K	21 I, 5 K	
224	9.533	0.002019	1	17 I, 9 R	5 I, 21 R	
225	9.533	0.002019	1	17 I, 9 L	5 I, 21 L	
226	9.533	0.002019	1	17 T, 9 V	5 T, 21 V	
228	9.533	0.002019	1	9 S, 17 T	21 S, 5 T	
229	9.533	0.002019	1	17 I, 9 V	5 I, 21 V	
230	9.533	0.002019	1	17 K, 9 V	5 K, 21 V	
233	9.533	0.002019	1	17 R, 9 S	5 R, 21 S	
234	9.533	0.002019	1	9 K, 17 N	21 K, 5 N	
235	9.533	0.002019	1	9 E, 17 N	21 E, 5 N	
245	9.533	0.002019	1	17 A, 9 V	5 A, 21 V	
247	9.533	0.002019	1	9 I, 17 V	21 I, 5 V	
250	9.533	0.002019	1	17 S, 9 T	5 S, 21 T	
252	9.533	0.002019	1	17 F, 9 T	5 F, 21 T	
253	9.533	0.002019	1	17 T, 9 V	5 T, 21 V	
254	9.533	0.002019	1	17 I, 9 V	5 I, 21 V	
259	9.533	0.002019	1	17 P, 9 S	5 P, 21 S	
260	9.533	0.002019	1	9 A, 17 S	21 A, 5 S	
261	9.533	0.002019	1	17 D, 9 S	5 D, 21 S	
263	9.533	0.002019	1	9 K, 17 Q	21 K, 5 Q	
265	9.533	0.002019	1	9 D, 17 S	21 D, 5 S	
266	9.533	0.002019	1	9 T, 17 Y	21 T, 5 Y	
269	9.533	0.002019	1	17 F, 9 L	5 F, 21 L	
270	9.533	0.002019	1	9 F, 17 R	21 F, 5 R	
273	9.533	0.002019	1	9 E, 17 K	21 E, 5 K	
278	9.533	0.002019	1	9 H, 17 K	21 H, 5 K	
279	9.533	0.002019	1	17 S, 9 T	5 S, 21 T	
280	9.533	0.002019	1	9 S, 17 V	21 S, 5 V	
281*	11.559	0.00309	2	16 E, 1 K, 9 T	5 E, 21 T	
282	9.533	0.002019	1	9 L, 17 M	21 L, 5 M	
283	9.533	0.002019	1	17 N, 9 S	5 N, 21 S	
284	9.533	0.002019	1	17 A, 9 G	5 A, 21 G	
285	9.533	0.002019	1	17 P, 9 S	5 P, 21 S	
286	9.533	0.002019	1	9 A, 17 N	21 A, 5 N	
287	9.533	0.002019	1	9 Q, 17 Y	21 Q, 5 Y	
289	9.533	0.002019	1	9 V, 17 Y	21 V, 5 Y	
297	9.533	0.002019	1	17 D, 9 R	5 D, 21 R	
298	9.533	0.002019	1	17 S, 9 Y	5 S, 21 Y	
299	9.533	0.002019	1	9 P, 17 S	21 P, 5 S	
300	9.533	0.002019	1	17 E, 9 G	5 E, 21 G	
301	9.533	0.002019	1	17 I, 9 V	5 I, 21 V	
302	9.533	0.002019	1	9 R, 17 T	21 R, 5 T	
310	9.533	0.002019	1	17 H, 9 K	5 H, 21 K	
316	9.533	0.002019	1	9 I, 17 W	21 I, 5 W	
318	9.533	0.002019	1	9 D, 17 S	21 D, 5 S	
319	9.533	0.002019	1	17 F, 9 I	5 F, 21 I	
321	9.533	0.002019	1	17 -, 9 I	5 -, 21 I	
322	9.533	0.002019	1	9 K, 17 Q	21 K, 5 Q	
323	9.533	0.002019	1	9 D, 17 N	21 D, 5 N	
324	9.533	0.002019	1	9 H, 17 L	21 H, 5 L	
325	9.533	0.002019	1	17 E, 9 S	5 E, 21 S	
326	9.533	0.002019	1	9 I, 17 Y	21 I, 5 Y	
327	9.533	0.002019	1	17 Q, 9 V	5 Q, 21 V	
328	9.533	0.002019	1	17 I, 9 S	5 I, 21 S	
329*	13.739	0.001039	2	17 G, 3 R, 6 S	5 G, 14 R, 7 S	
331	9.533	0.002019	1	17 I, 9 V	5 I, 21 V	
335	9.533	0.002019	1	17 I, 9 L	5 I, 21 L	
336	9.533	0.002019	1	17 F, 9 V	5 F, 21 V	
339	9.533	0.002019	1	17 N, 9 T	5 N, 21 T	
342	9.533	0.002019	1	9 K, 17 P	21 K, 5 P	
345	9.533	0.002019	1	17 K, 9 S	5 K, 21 S	
346	9.533	0.002019	1	9 S, 17 T	21 S, 5 T	
347	9.533	0.002019	1	17 G, 9 S	5 G, 21 S	
349	9.533	0.002019	1	17 C, 9 S	5 C, 21 S	
350	9.533	0.002019	1	17 -, 9 H	5 -, 21 H	
351	9.533	0.002019	1	17 -, 9 C	5 -, 21 C	
352	9.533	0.002019	1	17 -, 9 L	5 -, 21 L	
353	9.533	0.002019	1	9 D, 17 G	21 D, 5 G	
355	9.533	0.002019	1	9 N, 17 V	21 N, 5 V	
356	9.533	0.002019	1	9 N, 17 S	21 N, 5 S	
357	9.533	0.002019	1	9 E, 17 S	21 E, 5 S	
358	9.533	0.002019	1	9 E, 17 N	21 E, 5 N	
360	9.533	0.002019	1	17 A, 9 G	5 A, 21 G	
361	9.533	0.002019	1	9 H, 17 N	21 H, 5 N	
366	9.533	0.002019	1	17 F, 9 W	5 F, 21 W	
367	9.533	0.002019	1	9 A, 17 S	21 A, 5 S	
369	9.533	0.002019	1	9 D, 17 K	21 D, 5 K	
370	9.533	0.002019	1	9 D, 17 Y	21 D, 5 Y	
373	9.533	0.002019	1	9 D, 17 G	21 D, 5 G	
376	9.533	0.002019	1	17 I, 9 M	5 I, 21 M	
380	9.533	0.002019	1	9 I, 17 K	21 I, 5 K	
381	9.533	0.002019	1	9 N, 17 S	21 N, 5 S	
382	9.533	0.002019	1	9 E, 17 I	21 E, 5 I	
383	9.533	0.002019	1	17 S, 9 T	5 S, 21 T	
386	9.533	0.002019	1	17 K, 9 L	5 K, 21 L	
388	9.533	0.002019	1	17 F, 9 Y	5 F, 21 Y	
390	9.533	0.002019	1	17 M, 9 T	5 M, 21 T	
391	9.533	0.002019	1	9 F, 17 I	21 F, 5 I	
392	9.533	0.002019	1	9 K, 17 W	21 K, 5 W	
393	9.533	0.002019	1	17 D, 9 V	5 D, 21 V	
394	9.533	0.002019	1	9 I, 17 P	21 I, 5 P	
395	9.533	0.002019	1	9 E, 17 N	21 E, 5 N	
398	9.533	0.002019	1	9 S, 17 T	21 S, 5 T	
399	9.533	0.002019	1	17 G, 9 N	5 G, 21 N	
400	9.533	0.002019	1	9 P, 17 T	21 P, 5 T	
401	9.533	0.002019	1	17 D, 9 K	5 D, 21 K	
402	9.533	0.002019	1	17 N, 9 S	5 N, 21 S	
403	9.533	0.002019	1	9 K, 17 N	21 K, 5 N	
404	9.533	0.002019	1	17 F, 9 L	5 F, 21 L	
405	9.533	0.002019	1	9 Q, 17 S	21 Q, 5 S	
407	9.533	0.002019	1	17 -, 9 N	5 -, 21 N	
408	9.533	0.002019	1	17 K, 9 R	5 K, 21 R	
410	9.533	0.002019	1	17 D, 9 V	5 D, 21 V	
413	9.533	0.002019	1	9 D, 17 G	21 D, 5 G	
414	9.533	0.002019	1	17 I, 9 R	5 I, 21 R	
415	9.533	0.002019	1	9 G, 17 N	21 G, 5 N	
416*	13.739	0.001039	2	6 D, 17 E, 3 N	7 D, 5 E, 14 N	
417	9.533	0.002019	1	9 R, 17 W	21 R, 5 W	
423	9.533	0.002019	1	9 I, 17 S	21 I, 5 S	
425	9.533	0.002019	1	9 -, 17 V	21 -, 5 V	
426	9.533	0.002019	1	9 -, 17 Q	21 -, 5 Q	
427	9.533	0.002019	1	9 -, 17 H	21 -, 5 H	
428	9.533	0.002019	1	9 -, 17 P	21 -, 5 P	
429	9.533	0.002019	1	17 E, 9 S	5 E, 21 S	
430*	19.639	5.439E-5	2	17 L, 9 V	3 I, 2 L, 21 V	
431	9.533	0.002019	1	9 E, 17 T	21 E, 5 T	
433	9.533	0.002019	1	9 K, 17 L	21 K, 5 L	
434	9.533	0.002019	1	17 D, 9 S	5 D, 21 S	
437	9.533	0.002019	1	9 N, 17 R	21 N, 5 R	
438	8.778	0.003048	1	16 P, 9 R	5 P, 21 R	
441	8.778	0.003048	1	16 W, 9 Y	5 W, 21 Y	
449	8.778	0.003048	1	9 K, 16 P	21 K, 5 P	
450	8.778	0.003048	1	9 E, 16 K	21 E, 5 K	
452	8.778	0.003048	1	16 N, 9 T	5 N, 21 T	
453	8.778	0.003048	1	9 E, 16 T	21 E, 5 T	
454	8.778	0.003048	1	16 I, 9 V	5 I, 21 V	
455	8.778	0.003048	1	16 -, 9 L	5 -, 21 L	
459	8.778	0.003048	1	16 G, 9 N	5 G, 21 N	
461	8.778	0.003048	1	9 I, 16 S	21 I, 5 S	
462	8.778	0.003048	1	16 I, 9 V	5 I, 21 V	
463	8.778	0.003048	1	16 S, 9 V	5 S, 21 V	
467	8.778	0.003048	1	9 T, 16 V	21 T, 5 V	
468	8.778	0.003048	1	16 N, 9 S	5 N, 21 S	
469	8.778	0.003048	1	9 G, 16 S	21 G, 5 S	
470	8.778	0.003048	1	16 D, 9 T	5 D, 21 T	
471	8.778	0.003048	1	16 T, 9 Y	5 T, 21 Y	
472	8.778	0.003048	1	9 G, 16 V	21 G, 5 V	
473	8.778	0.003048	1	16 G, 9 T	5 G, 21 T	
474	8.778	0.003048	1	9 G, 16 W	21 G, 5 W	
481	7.245	0.007111	1	9 D, 14 E	21 D, 5 E	
483	6.744	0.009404	1	9 N, 14 P	20 N, 5 P	
484	6.744	0.009404	1	14 F, 9 L	5 F, 20 L	
485	6.744	0.009404	1	9 -, 14 T	20 -, 5 T	
486	6.744	0.009404	1	14 I, 9 M	5 I, 20 M	
487	6.744	0.009404	1	14 D, 9 P	5 D, 20 P	
488	6.744	0.009404	1	9 I, 14 K	20 I, 5 K	
